{"cameraMode":{"drawMode":0,"name":"Shaded","section":"Shading Mode"},"sceneLighting":true,"audioPlay":false,"sceneViewState":{"showFog":true,"showMaterialUpdate":false,"showSkybox":true,"showFlares":true,"showImageEffects":true,"showParticleSystems":true},"in2DMode":false,"pivot":{"x":2.1399998664855959,"y":10.738633155822754,"z":-7.059999942779541},"rotation":{"x":2.6779762851703028e-9,"y":0.9999988675117493,"z":-4.429438149600173e-9,"w":0.0015000441344454885},"size":16.694786071777345,"orthographic":false}