{"cameraMode":{"drawMode":0,"name":"Shaded","section":"Shading Mode"},"sceneLighting":false,"audioPlay":false,"sceneViewState":{"showFog":true,"showMaterialUpdate":false,"showSkybox":true,"showFlares":true,"showImageEffects":true,"showParticleSystems":true},"in2DMode":false,"pivot":{"x":-0.04118669778108597,"y":4.5123395919799809,"z":-9.488744735717774},"rotation":{"x":-0.04866999015212059,"y":0.9491127133369446,"z":-0.2507679760456085,"w":-0.18420585989952088},"size":111.40371704101563,"orthographic":false}