{"cameraMode":{"drawMode":0,"name":"Shaded","section":"Shading Mode"},"sceneLighting":true,"audioPlay":false,"sceneViewState":{"showFog":true,"showMaterialUpdate":false,"showSkybox":true,"showFlares":true,"showImageEffects":true,"showParticleSystems":true},"in2DMode":false,"pivot":{"x":-3.317931652069092,"y":5.888908386230469,"z":-56.441497802734378},"rotation":{"x":-0.022561099380254747,"y":0.9644436836242676,"z":-0.2483188658952713,"w":-0.0876193568110466},"size":1193.6671142578125,"orthographic":false}